111,http://www.aniplex.jp/
121,http://c87.product.co.jp
131,http://on.mbga.jp/bishojo
141,http://dmm.com/1629
141,http://wwwanime.jp/
142,http://tsukurunomori.co.jp/
142,http://www.toranoana.jp/
151,http://bushiroad.com/
161,http://www.nhk.or.jp/
162,http://www.windows-naviplus.jp/
211,http://www.shaft-web.co.jp
212,http://tartaros.gamescampus.co.jp/main/
213,http://special.happyelements.co.jp/c87/
214,http://grimoire.applibot.co.jp/preregister/grimoire_new/
214,https://twitter.com/Grimoire_Staff
215,http://www.success-corp.co.jp/info/com87/
216,http://ufotable.com/
221,http://social.gust.co.jp/pc/event/comiket87/sp
222,http://www.kamikazestyle.com/
223,http://www.cygames.co.jp/c87/
224,http://ponican.jp/
225,http://amzn.to/Z9njYz
225,http://www.cc2.co.jp/c87
226,http://www.jp.playstation.com/scej/title/freedomwars/
226,http://www.jp.playstation.com/scej/title/freedomwars/001/
231,http://www.kyotoanimation.co.jp/event/comiket87/
232,http://www.tamagawa.com/
233,http://garo-project.jp/event/c87/
234,http://www.falcom.co.jp/
235,http://www.fwinc.co.jp/
235,http://www.marine-e.net/
235,http://www.movic.jp/
251,http://pikatto.jp/
252,http://au-coop.net/
253,http://goods.surpara.com/
253,http://toho.surpara.com/
253,http://www.surpara.com/
254,http://anime.googoodept.jp/index.html
254,http://googoodept.jp/c87/
255,http://www.saing.jp/
255,http://www.saing.jp/html/page2.html
256,http://www.hobbystock.jp/
256,http://www.hobbystock.jp/sp/cm87/
311,http://www.diomedea.co.jp/
311,http://www.diomedea.co.jp/c87.htm
313,http://www.moebun.net/
313,http://www.otobun.net/
314,http://www.starchild.co.jp/
315,http://emae-jp.tumblr.com
316,http://galtia-info.com
316,http://grisedge.com/
316,http://kintouka.com
317,http://noitamina.tv/
317,http://www.fujitv.co.jp/index.html
317,http://www.noitamina-shop.com/
321,http://rollinggirls.com/
321,http://tamayura.info/
321,http://www.shochiku.co.jp/anime/
322,http://www.robot-girlsz.com/
322,http://www.toei-anim.co.jp/
323,http://animepass.auone.jp/m/events/dr001/c87_1.html
324,http://avex-pictures.co.jp/
325,http://www.ntv.co.jp/movie-anime/
326,http://anime.dmkt-sp.jp/animestore/CF/comike87
331,http://netshop.mikasasports.co.jp/
331,http://www.mikasasports.co.jp/
331,http://www.mikasasports.co.jp/comike/
332,http://www.popls.co.jp/
333,http://sohgei.sip.jpn.com/
333,http://www.railwars.info/
333,http://www.sohgei.com/
334,http://plusoneservice.jp/
335,http://p-bandai.jp/fashion-net/
335,http://www.bandai-fashion.jp/
336,http://www.over-lap.co.jp/bunko/
336,http://www.tbs.co.jp/anime/is2/
336,http://www.tbs.co.jp/anime/locodol/
337,http://kc.kodansha.co.jp/ln
338,http://www.heros-web.com/
339,http://wwws.warnerbros.co.jp/comike/c87/
341,http://www.aokihagane.com
342,http://twitter.com/YKOURS
343,http://vstation.net/
344,http://gagaga-lululu.jp/gagaga/
344,http://shogakukan.co.jp/
344,http://websunday.net/
345,http://anitama-shop.jp
345,http://anitama.com
345,http://jocr.jp
351,http://pa-works.jp/
352,http://seaside-c.jp/
352,http://shop.seaside-c.jp/
353,http://ameblo.jp/phonon-seiyu/
353,http://ch.nicovideo.jp/phonon
353,http://twitter.com/phonon_seiyu
354,http://store.akitashoten.co.jp/
354,http://www.akitashoten.co.jp/features/c87/
354,http://www.rakuten.co.jp/akitaonlinestore/
355,http://animaru.jp/
355,http://www.tbs.co.jp/anime/
411,http://www.griffon.co.jp/
412,http://gift-gift.jp/
421,http://supersonico.jp/
421,http://www.nitrochiral.com/
421,http://www.nitroplus.co.jp/
422,http://www.minatosoft.com/
423,http://www.typemoon.com/
431,http://aquaplus.jp/
431,http://leaf.aquaplus.jp/
432,http://azarashi-soft.nexton-net.jp/
432,http://baseson.nexton-net.jp/
441,http://www.onsen.ag/
441,http://www.onsen.ag/sp/comike/
451,http://www.gokumi.co.jp/
452,http://www.gochiusa.com/
452,http://www.nbcuni.co.jp/rondorobe/
511,http://twitter.com/lashin_main
511,http://www.lashinbang.com
511,http://www.lashinbang.com/shop/
512,http://www.melonbooks.co.jp/
512,http://www.melonbooks.com/
513,http://fairys.tv/
513,http://sprite.fairys.tv/
514,http://www.project-navel.com/
515,http://www.c-d.co.jp/
521,http://www.geestore.com/
522,http://nijigencospa.com/special/comike87/
523,http://www.lilith-soft.com/
523,http://www.lilith-soft.com/event/c87lilith/index.html
523,http://www.lilith-soft.com/sns/asagi/index.php
524,http://www.pencilpro.jp/
524,http://www.penguin.bz/
525,http://clochette-soft.jp/
525,http://madosoft.net/
531,http://frontwing.jp/
532,http://karutassu.com
532,http://www.akabeesoft2.com
532,http://www.hibiki-site.com
533,http://crancrown.jp/
533,http://www.gg-views.jp/c87/
534,http://cotton-soft.com/
534,http://www.din.or.jp/~nekoneko/
535,http://windmill.suki.jp/
541,http://pixiv.net/
542,http://www.tbs.co.jp/anime/re-kan/
542,http://www.tkma.co.jp/re-kan_event/
543,http://www.yamajo-anime.com/
544,http://momokyun.com/
545,http://t7s.jp/
545,http://www.donuts.ne.jp/
546,http://vocadol.com/
546,http://www.deen.co.jp/
551,http://www.broccoli.co.jp/
552,http://aria-soft.com/
552,http://august-soft.com/
561,http://www.kadokawa.co.jp/
611,http://www.a1c.jp
612,http://amuse-c.jp/
612,http://qoo.amuse-c.jp/
612,http://unisonshift.amuse-c.jp/
613,http://www.web-giga.com/
614,http://www.goodsmile.jp/
615,http://uspi.jp/
616,http://softhouse-seal.com/grandee/index.html
621,http://www.etsu.jp/
621,http://www.jiku-chu.com/
622,http://www.liar.co.jp/
623,http://www.debonosu.jp/
623,http://www.debonosu.jp/debonosu/game/natsu/index.html
624,http://www.favo.co.jp/
625,http://chaos.axia-info.com/
625,http://www.axia-info.com/
626,http://fudegaki.jp/
626,http://www.eg-tops.com/
627,http://white-soft.jp/
628,http://project-m.asia/
628,http://www.gephalsa.com/
628,http://www.rsk-tokyo.com/games/
631,http://www.iam-hiquality.com/
631,http://www.peassoft.com/
632,http://www.will-comike.com/
633,http://www.ricotta-soft.jp/
634,http://circus-co.jp/
635,http://twin-angel.com/
636,http://www.daxel.co.jp/
641,http://curtain-damashii.com/index_ag/event/c87/
641,http://www.curtain-damashii.com/
642,http://www.msf-shop.com/
643,http://www.kogado.com/
644,http://5pb.jp/
645,http://unity-chan.com
911,http://www.rub-lab.com/
912,http://www.tochigi-tv-anime.com/
913,http://www.ojagadesign.com/
913,https://twitter.com/ojagadesign
913,https://www.facebook.com/ojagadesign
914,http://www.meisei-hs.ac.jp/cyber-hs/
921,http://animestyle.jp/
922,http://daishin-ct.co.jp/
923,http://www.uncron.com/analoghack/
923,https://twitter.com/uncron_t
924,http://www.radikal-inc.com
925,https://www.softgarage.co.jp/
