111,http://supersonico.jp/
111,http://www.nitrochiral.com/
111,http://www.nitroplus.co.jp/
121,http://www.nbcuni.co.jp/anime.html
131,http://www.weider-jp.com/
132,http://www.boatrace-tamagawa.com/
132,https://www.facebook.com/boatrace.tamagawa.jp?
141,http://sega.jp/
151,http://www.broccoli.co.jp/
161,http://anime.dmkt-sp.jp/animestore/
162,http://pikatto.jp/
162,http://www.concept-inc.co.jp/
162,https://bq-club.jp/
163,http://earthstar.jp/
211,http://www.ufotable.com/
212,http://www.comic-ryu.jp/
212,http://www.monmusu.jp/
212,http://www.tokuma.jp/
213,http://www.hifumi.co.jp/books/index.html
214,http://sohgei.sip.jpn.com
214,http://www.railwars.info
214,http://www.sohgei.com/
215,http://www.shaft-web.co.jp/
222,http://gift-gift.jp/
223,http://www.dokidokivisual.com
223,http://www.houbunsha.co.jp/
224,http://www.jimca.co.jp/
231,http://bushiroad.com/
232,http://www.aokihagane.com/
233,http://www.kanro.co.jp/
233,http://www.kanro.co.jp/umenotan_project/
234,http://anitama-shop.jp
234,http://anitama.com/
234,http://jocr.jp
235,http://secondshot.jp/
236,http://store.akitashoten.co.jp/
236,http://www.akitashoten.co.jp/
236,http://www.rakuten.co.jp/akitaonlinestore/
251,http://1stplace.co.jp/
251,http://1stplace.co.jp/hachimaki/
252,http://twitter.com/chugaionline
252,http://www.chugaikogyo.co.jp/
252,http://www.facebook.com/chugaionline
253,http://emae-jp.tumblr.com/
253,http://www.earth1999.jp/
254,http://netshop.mikasasports.co.jp/
254,http://www.mikasasports.co.jp/
254,http://www.mikasasports.co.jp/comike/
255,http://scared-rider-xechs.jp/
256,http://www.gcrest.com
256,http://www.yume-100.com/
311,http://gagagabunko.jp/
311,http://sundaygx.com/
311,http://websunday.net/
312,http://www.popls.co.jp/
313,http://www.shonengahosha.jp/
314,http://www.over-lap.co.jp/bunko/
314,http://www.tbs.co.jp/anime/is2/
315,http://twitter.com/BONOBONO_phx
315,http://www.bonobono.jp/
315,http://www.takeshobo.co.jp/
316,http://wwws.warnerbros.co.jp/comike/c88/
321,http://www.yte.co.jp/
322,http://www.lerche.jp/
323,http://www.spike-chunsoft.co.jp/
324,http://www.silverlink.co.jp/
325,http://tamayura.info/
325,http://www.ariacompany.net/
325,http://www.shochiku.co.jp/
326,http://www.tfc.co.jp/
327,http://soregaseiyu.com/
331,http://unity-chan.com/
332,http://www.onsen.ag/
332,http://www.onsen.ag/sp/comike/
333,http://ponican.jp/
334,http://www.kaikaikiki.co.jp/
335,http://showbyrock-anime.com/
335,http://showbyrock.com/
335,http://www.sanrio.co.jp
341,http://www.fwinc.co.jp/animemarche/
351,http://www.goodsmile.jp/
352,http://canaria-tokyo.co.jp/
353,http://www.d3p.co.jp/otomebu/
354,http://ichijinsha.co.jp/
355,http://noitamina.tv/
355,http://www.noitamina-shop.com/
411,http://lashinbang.com/
411,http://lashinbang.com/shop/
411,http://twitter.com/lashin_main
412,http://www.melonbooks.co.jp/
421,http://t7s.jp/
421,http://www.donuts.ne.jp/
422,http://shoumetsu.wrightflyer.net/
422,http://www.wrightflyer.net/
423,http://on.mbga.jp/c88
424,http://au-coop.net/
424,http://twitter.com/AU_COOP_info
431,http://www.toypla.com/
441,http://nijigencospa.com/special/comike88/
442,http://www.axia-info.com/
451,http://nanohain.com/
511,http://www.web-giga.com/
512,http://www.toranoana.co.jp/
513,http://www.russel.co.jp/
514,http://www.lumpofsugar.co.jp/
521,http://frontwing.jp/
522,http://www.akabeesoft2.com/
522,http://www.akabeesoft3.com/
522,http://www.hibiki-site.com/
523,http://kai-soft.jp/
523,http://www.debonosu.jp/
524,http://www.a1c.jp/
525,http://www.lilith-soft.com/
525,http://www.lilith-soft.com/sns/asagi/index.php
525,http://www.ziz-entertainment.com/
526,http://www.eukleia.co.jp/eushully/
531,http://onomatope.jp/
531,http://www.eg-tops.com/
532,http://www.s-digi.jp/princess-sugar/
533,http://crancrown.jp/
533,http://www.gg-views.jp/c88/
534,http://azarashi-soft.nexton-net.jp/
534,http://baseson.nexton-net.jp/
534,http://nexton-net.jp/
535,http://www.c-d.co.jp/
536,http://clochette-soft.jp/
536,http://madosoft.net/
537,http://nanawind.jp/
541,http://anime.googoodept.jp/index.html
541,http://googoodept.jp/c88/
542,http://p-bandai.jp/fashion-net/
542,http://www.bandai-fashion.jp/
543,http://choginga.net/
543,http://nijiyome.com/
543,http://www.dlsite.com/
544,http://geestore.com/
551,http://aria-soft.com/
551,http://august-soft.com/
552,http://palette.clearrave.co.jp/
553,http://hulotte.jp/
553,http://www.cuffs.co.jp/
561,http://www.kadokawa.co.jp/
561,http://www.kadokawa.co.jp/comiket/
611,http://smileshooter.jp/
611,http://www.queslot.com/
611,http://yamasa.co.jp/
612,http://www.prism-nana.com/
613,http://www.net-fun.co.jp/
613,https://twitter.com/NET_JETCAR/
613,https://www.facebook.com/777NET777/
621,http://www.the-chara.com/
622,http://5pb.jp/games/
623,http://www.aq-marine.jp/
624,http://www.msf-shop.com/
625,http://www.tzn.co.jp/
626,http://gephalsa.com/
627,http://www.project-m.asia/
627,http://www.rskgame.com/games/
627,http://www.up-onmall.com/TP01/
631,http://capibara-shop.com/
631,http://www.capibara.jp/
632,http://www.seasonal-plants.co.jp/
633,http://akbh.jp/
634,http://www.hobbystock.jp/
634,http://www.hobbystock.jp/sp/cm88/
635,http://pixiv.net/
636,http://fictions.d21.co.jp/novelidol/
638,http://www.kamikazestyle.com/
641,http://www.falcom.co.jp/
642,http://www.kogado.com/
643,http://www.age-soft.co.jp/
644,http://www.arcsystemworks.jp/
645,http://amzn.to/Z9njYz
645,http://www.cc2.co.jp/
645,http://www.cc2.co.jp/kemono/
646,http://extra.atlusnet.jp/cat92/
646,http://www.atlus.co.jp/
911,http://www.c-agent.net/
912,http://www.r-t-j.co.jp/
913,http://www.ebksp.jp/
913,http://www.goma-books.com/
915,http://www.lumine.ne.jp/est/index.html
921,http://www.kz-fish.jp/sell/jellyfish.html
921,http://www.lapincreate.co.jp/jp/pg126.html
922,http://www.waterorion.com/
923,http://ki-no.co.jp/
924,http://animestyle.jp/
931,http://radiotomo.com/
931,http://www.st-noix.jp/
932,http://www.marudai-corp.com/
933,http://www.a-magi.co.jp
933,http://www.a-magi.co.jp/c88
934,http://grasslight.ws/
934,http://nyanngoroberry.com/shop/
935,http://takumimakura.com/
